Deck,ColorCombination
Sealed,All
Draft,All
Amber Amethyst Hyper Aggro,Amber/Amethyst
Amber Amethyst Madrigal,Amber/Amethyst
Amber Emerald Aggro,Amber/Emerald
Amber Emerald Discard,Amber/Emerald
Amber Ruby Mufasa,Amber/Ruby
Amber Ruby Locations,Amber/Ruby
Amber Sapphire Healing,Amber/Sapphire
Amber Sapphire Princess,Amber/Sapphire
Amber Sapphire Villains,Amber/Sapphire
Amber Steel Bodyguards,Amber/Steel
Amber Steel Dwarfs,Amber/Steel
Amber Steel Mufasa,Amber/Steel
Amber Steel Songs,Amber/Steel
Amethyst Emerald Aggro,Amethyst/Emerald
Amethyst Emerald Tempo,Amethyst/Emerald
Amethyst Sapphire Blurple,Amethyst/Sapphire
Amethyst Steel Aggro,Amethyst/Steel
Amethyst Steel Pete,Amethyst/Steel
Emerald Ruby Evasive,Emerald/Ruby
Emerald Ruby Actions,Emerald/Ruby
Emerald Sapphire Clarabelle,Emerald/Sapphire
Emerald Steel Damage,Emerald/Steel
Emerald Steel Discard,Emerald/Steel
Emerald Steel Midrange,Emerald/Steel
Emerald Steel Robin,Emerald/Steel
Ruby Amethyst Bounce,Ruby/Amethyst
Ruby Sapphire Control,Ruby/Sapphire
Ruby Steel Knights,Ruby/Steel
Sapphire Steel Items,Sapphire/Steel